objectid,facility_name,status,address,neighborhood_uavt_code,neighborhood_name,county_uavt_code,county,located_region_name,shape
5,Silivri Katı Atık Aktarma İstasyonu,Mevcut,Yenimahalle 1 Kasım Cad. Hasan Çeşme Mevkii ,40921,YENİ,1622,SİLİVRİ,Avrupa,POINT (28.2901838395005 41.0910384187238)
21,Aydınlı Katı Atık Aktarma İstasyonu,Mevcut,Aydınlı Köyü Patlayıcılar Yolu ,40720,AYDINLI,2015,TUZLA,Anadolu,POINT (29.3471512196003 40.8608823494234)
20,Hekimbaşı Katı Atık Aktarma İstasyonu ,Mevcut,Hekimbaşı Mah.Küçüksu Cad. No: Bila,40737,İNKILAP,1852,ÜMRANİYE,Anadolu,POINT (29.1134074295466 41.0583185290947)
2,Baruthane Katı Atık Aktarma İstasyonu,Mevcut,Paşa Mah. Piyalepaşa Bulvarı No:74,40708,PAŞA,1663,ŞİŞLİ,Avrupa,POINT (28.9687040003943 41.0489899987435)
19,Bakkalköy Katı Atık Aktarma İstasyonu ,Mevcut,Atatürk Mah. Erzincan Cad. ,40531,KÜÇÜKBAKKALKÖY,2049,ATAŞEHİR,Anadolu,POINT (29.1299673906002 40.9852051289414)
3,Yenibosna Katı Atık Aktarma İstasyonu,Mevcut,Yenibosna Sanayi Cad.,40184,ÇOBANÇEŞME,2005,BAHÇELİEVLER,Avrupa,POINT (28.8250659402433 40.9979405492631)
4,Halkalı Katı Atık Aktarma İstasyonu,Mevcut,Halkalı Yarımburgaz Mah. Fatih Cad. Halkalı ,40582,ATAKENT,1823,KÜÇÜKÇEKMECE,Avrupa,POINT (28.7624511097362 41.0433098889208)
22,Şile Katı Atık Aktarma İstasyonu,Mevcut,Şile Araç Muayene İstasyonu Yanı ,191867,ÇAYIRBAŞI,1659,ŞİLE,Anadolu,POINT (29.6394637205028 41.1531375293419)
